1,15285-b,g500,metepec,53e8sw,jun-18,junio 2018-junio 2020,Omar,Gerente ASEA,Victor Villegas Martinez,representante tecnico
2,15285-b,shell,metepec,53e8sw,jun-18,junio 2018-junio 2021,Omar,Gerente ASEA,Victor Villegas Martinez,representante tecnico
3,15285-b,gasolider,metepec,53e8sw,jun-18,junio 2018-junio 2022,Omar,Gerente ASEA,Victor Villegas Martinez,representante tecnico
4,15285-b,gasolider,metepec,53e8sw,jul-18,junio 2018-junio 2023,Omar,Gerente ASEA,Victor Villegas Martinez,representante tecnico
5,15285-b,gasolider,metepec,53e8sw,ago-18,junio 2018-junio 2024,Omar,Gerente ASEA,Victor Villegas Martinez,representante tecnico
6,15285-b,gasolider,metepec,53e8sw,sep-18,junio 2018-junio 2025,Omar,Gerente ASEA,Victor Villegas Martinez,representante tecnico
7,15285-b,gasolider,metepec,53e8sw,oct-18,junio 2018-junio 2026,Omar,Gerente ASEA,Victor Villegas Martinez,representante tecnico
8,15285-b,gasolider,metepec,53e8sw,nov-18,junio 2018-junio 2027,Omar,Gerente ASEA,Victor Villegas Martinez,representante tecnico
9,15285-b,gasolider,metepec,53e8sw,dic-18,junio 2018-junio 2028,Omar,Gerente ASEA,Victor Villegas Martinez,representante tecnico
10,15285-b,gasolider,metepec,53e8sw,ene-19,junio 2018-junio 2029,Omar,Gerente ASEA,Victor Villegas Martinez,representante tecnico
11,15285-b,gasolider,metepec,53e8sw,feb-19,junio 2018-junio 2030,Omar,Gerente ASEA,Victor Villegas Martinez,representante tecnico
12,15285-b,gasolider,metepec,53e8sw,mar-19,junio 2018-junio 2031,Omar,Gerente ASEA,Victor Villegas Martinez,representante tecnico
13,15285-b,gasolider,metepec,53e8sw,abr-19,junio 2018-junio 2032,Omar,Gerente ASEA,Victor Villegas Martinez,representante tecnico
14,15285-b,gasolider,metepec,53e8sw,may-19,junio 2018-junio 2033,Omar,Gerente ASEA,Victor Villegas Martinez,representante tecnico
15,15285-b,gasolider,metepec,53e8sw,jun-19,junio 2018-junio 2034,Omar,Gerente ASEA,Victor Villegas Martinez,representante tecnico
16,15285-b,gasolider,metepec,53e8sw,jul-19,junio 2018-junio 2035,Omar,Gerente ASEA,Victor Villegas Martinez,representante tecnico
17,15285-b,gasolider,metepec,53e8sw,ago-19,junio 2018-junio 2036,Omar,Gerente ASEA,Victor Villegas Martinez,representante tecnico
18,15285-b,gasolider,metepec,53e8sw,sep-19,junio 2018-junio 2037,Omar,Gerente ASEA,Victor Villegas Martinez,representante tecnico
19,15285-b,gasolider,metepec,53e8sw,oct-19,junio 2018-junio 2038,Omar,Gerente ASEA,Victor Villegas Martinez,representante tecnico
20,15285-b,gasolider,metepec,53e8sw,nov-19,junio 2018-junio 2039,Omar,Gerente ASEA,Victor Villegas Martinez,representante tecnico
21,15285-b,gasolider,metepec,53e8sw,dic-19,junio 2018-junio 2040,Omar,Gerente ASEA,Victor Villegas Martinez,representante tecnico
22,15285-b,gasolider,metepec,53e8sw,ene-20,junio 2018-junio 2041,Omar,Gerente ASEA,Victor Villegas Martinez,representante tecnico
23,15285-b,gasolider,metepec,53e8sw,feb-20,junio 2018-junio 2042,Omar,Gerente ASEA,Victor Villegas Martinez,representante tecnico
24,15285-b,gasolider,metepec,53e8sw,mar-20,junio 2018-junio 2043,Omar,Gerente ASEA,Victor Villegas Martinez,representante tecnico
25,15285-b,gasolider,metepec,53e8sw,abr-20,junio 2018-junio 2044,Omar,Gerente ASEA,Victor Villegas Martinez,representante tecnico
26,15285-b,gasolider,metepec,53e8sw,may-20,junio 2018-junio 2045,Omar,Gerente ASEA,Victor Villegas Martinez,representante tecnico
27,15285-b,gasolider,metepec,53e8sw,jun-20,junio 2018-junio 2046,Omar,Gerente ASEA,Victor Villegas Martinez,representante tecnico
28,15285-b,gasolider,metepec,53e8sw,jul-20,junio 2018-junio 2047,Omar,Gerente ASEA,Victor Villegas Martinez,representante tecnico
29,15285-b,gasolider,metepec,53e8sw,ago-20,junio 2018-junio 2048,Omar,Gerente ASEA,Victor Villegas Martinez,representante tecnico
30,15285-b,gasolider,metepec,53e8sw,sep-20,junio 2018-junio 2049,Omar,Gerente ASEA,Victor Villegas Martinez,representante tecnico
31,15285-b,gasolider,metepec,53e8sw,oct-20,junio 2018-junio 2050,Omar,Gerente ASEA,Victor Villegas Martinez,representante tecnico
32,15285-b,gasolider,metepec,53e8sw,nov-20,junio 2018-junio 2051,Omar,Gerente ASEA,Victor Villegas Martinez,representante tecnico
33,15285-b,gasolider,metepec,53e8sw,dic-20,junio 2018-junio 2052,Omar,Gerente ASEA,Victor Villegas Martinez,representante tecnico
34,15285-b,gasolider,metepec,53e8sw,ene-21,junio 2018-junio 2053,Omar,Gerente ASEA,Victor Villegas Martinez,representante tecnico
35,15285-b,gasolider,metepec,53e8sw,feb-21,junio 2018-junio 2054,Omar,Gerente ASEA,Victor Villegas Martinez,representante tecnico
36,15285-b,gasolider,metepec,53e8sw,mar-21,junio 2018-junio 2055,Omar,Gerente ASEA,Victor Villegas Martinez,representante tecnico
37,15285-b,gasolider,metepec,53e8sw,abr-21,junio 2018-junio 2056,Omar,Gerente ASEA,Victor Villegas Martinez,representante tecnico
38,15285-b,gasolider,metepec,53e8sw,may-21,junio 2018-junio 2057,Omar,Gerente ASEA,Victor Villegas Martinez,representante tecnico
39,15285-b,gasolider,metepec,53e8sw,jun-21,junio 2018-junio 2058,Omar,Gerente ASEA,Victor Villegas Martinez,representante tecnico
40,15285-b,gasolider,metepec,53e8sw,jul-21,junio 2018-junio 2059,Omar,Gerente ASEA,Victor Villegas Martinez,representante tecnico
41,15285-b,gasolider,metepec,53e8sw,ago-21,junio 2018-junio 2060,Omar,Gerente ASEA,Victor Villegas Martinez,representante tecnico
42,15285-b,gasolider,metepec,53e8sw,sep-21,junio 2018-junio 2061,Omar,Gerente ASEA,Victor Villegas Martinez,representante tecnico
43,15285-b,gasolider,metepec,53e8sw,oct-21,junio 2018-junio 2062,Omar,Gerente ASEA,Victor Villegas Martinez,representante tecnico
44,15285-b,gasolider,metepec,53e8sw,nov-21,junio 2018-junio 2063,Omar,Gerente ASEA,Victor Villegas Martinez,representante tecnico
45,15285-b,gasolider,metepec,53e8sw,dic-21,junio 2018-junio 2064,Omar,Gerente ASEA,Victor Villegas Martinez,representante tecnico
46,15285-b,gasolider,metepec,53e8sw,ene-22,junio 2018-junio 2065,Omar,Gerente ASEA,Victor Villegas Martinez,representante tecnico
47,15285-b,gasolider,metepec,53e8sw,feb-22,junio 2018-junio 2066,Omar,Gerente ASEA,Victor Villegas Martinez,representante tecnico
48,15285-b,gasolider,metepec,53e8sw,mar-22,junio 2018-junio 2067,Omar,Gerente ASEA,Victor Villegas Martinez,representante tecnico
49,15285-b,gasolider,metepec,53e8sw,abr-22,junio 2018-junio 2068,Omar,Gerente ASEA,Victor Villegas Martinez,representante tecnico
50,15285-b,gasolider,metepec,53e8sw,may-22,junio 2018-junio 2069,Omar,Gerente ASEA,Victor Villegas Martinez,representante tecnico
51,15285-b,gasolider,metepec,53e8sw,jun-22,junio 2018-junio 2070,Omar,Gerente ASEA,Victor Villegas Martinez,representante tecnico
52,15285-b,gasolider,metepec,53e8sw,jul-22,junio 2018-junio 2071,Omar,Gerente ASEA,Victor Villegas Martinez,representante tecnico
53,15285-b,gasolider,metepec,53e8sw,ago-22,junio 2018-junio 2072,Omar,Gerente ASEA,Victor Villegas Martinez,representante tecnico
54,15285-b,gasolider,metepec,53e8sw,sep-22,junio 2018-junio 2073,Omar,Gerente ASEA,Victor Villegas Martinez,representante tecnico
55,15285-b,gasolider,metepec,53e8sw,oct-22,junio 2018-junio 2074,Omar,Gerente ASEA,Victor Villegas Martinez,representante tecnico
56,15285-b,gasolider,metepec,53e8sw,nov-22,junio 2018-junio 2075,Omar,Gerente ASEA,Victor Villegas Martinez,representante tecnico
57,15285-b,gasolider,metepec,53e8sw,dic-22,junio 2018-junio 2076,Omar,Gerente ASEA,Victor Villegas Martinez,representante tecnico
58,15285-b,gasolider,metepec,53e8sw,ene-23,junio 2018-junio 2077,Omar,Gerente ASEA,Victor Villegas Martinez,representante tecnico
59,15285-b,gasolider,metepec,53e8sw,feb-23,junio 2018-junio 2078,Omar,Gerente ASEA,Victor Villegas Martinez,representante tecnico
60,15285-b,gasolider,metepec,53e8sw,mar-23,junio 2018-junio 2079,Omar,Gerente ASEA,Victor Villegas Martinez,representante tecnico
61,15285-b,gasolider,metepec,53e8sw,abr-23,junio 2018-junio 2080,Omar,Gerente ASEA,Victor Villegas Martinez,representante tecnico
62,15285-b,gasolider,metepec,53e8sw,may-23,junio 2018-junio 2081,Omar,Gerente ASEA,Victor Villegas Martinez,representante tecnico
63,15285-b,gasolider,metepec,53e8sw,jun-23,junio 2018-junio 2082,Omar,Gerente ASEA,Victor Villegas Martinez,representante tecnico
64,15285-b,gasolider,metepec,53e8sw,jul-23,junio 2018-junio 2083,Omar,Gerente ASEA,Victor Villegas Martinez,representante tecnico
65,15285-b,gasolider,metepec,53e8sw,ago-23,junio 2018-junio 2084,Omar,Gerente ASEA,Victor Villegas Martinez,representante tecnico
66,15285-b,gasolider,metepec,53e8sw,sep-23,junio 2018-junio 2085,Omar,Gerente ASEA,Victor Villegas Martinez,representante tecnico
67,15285-b,gasolider,metepec,53e8sw,oct-23,junio 2018-junio 2086,Omar,Gerente ASEA,Victor Villegas Martinez,representante tecnico
68,15285-b,gasolider,metepec,53e8sw,nov-23,junio 2018-junio 2087,Omar,Gerente ASEA,Victor Villegas Martinez,representante tecnico
69,15285-b,gasolider,metepec,53e8sw,dic-23,junio 2018-junio 2088,Omar,Gerente ASEA,Victor Villegas Martinez,representante tecnico
70,15285-b,gasolider,metepec,53e8sw,ene-24,junio 2018-junio 2089,Omar,Gerente ASEA,Victor Villegas Martinez,representante tecnico
71,15285-b,gasolider,metepec,53e8sw,feb-24,junio 2018-junio 2090,Omar,Gerente ASEA,Victor Villegas Martinez,representante tecnico
72,15285-b,gasolider,metepec,53e8sw,mar-24,junio 2018-junio 2091,Omar,Gerente ASEA,Victor Villegas Martinez,representante tecnico
73,15285-b,gasolider,metepec,53e8sw,abr-24,junio 2018-junio 2092,Omar,Gerente ASEA,Victor Villegas Martinez,representante tecnico
74,15285-b,gasolider,metepec,53e8sw,may-24,junio 2018-junio 2093,Omar,Gerente ASEA,Victor Villegas Martinez,representante tecnico
75,15285-b,gasolider,metepec,53e8sw,jun-24,junio 2018-junio 2094,Omar,Gerente ASEA,Victor Villegas Martinez,representante tecnico
76,15285-b,gasolider,metepec,53e8sw,jul-24,junio 2018-junio 2095,Omar,Gerente ASEA,Victor Villegas Martinez,representante tecnico
77,15285-b,gasolider,metepec,53e8sw,ago-24,junio 2018-junio 2096,Omar,Gerente ASEA,Victor Villegas Martinez,representante tecnico
78,15285-b,gasolider,metepec,53e8sw,sep-24,junio 2018-junio 2097,Omar,Gerente ASEA,Victor Villegas Martinez,representante tecnico
79,15285-b,gasolider,metepec,53e8sw,oct-24,junio 2018-junio 2098,Omar,Gerente ASEA,Victor Villegas Martinez,representante tecnico
80,15285-b,gasolider,metepec,53e8sw,nov-24,junio 2018-junio 2099,Omar,Gerente ASEA,Victor Villegas Martinez,representante tecnico
81,15285-b,gasolider,metepec,53e8sw,dic-24,junio 2018-junio 2100,Omar,Gerente ASEA,Victor Villegas Martinez,representante tecnico
82,15285-b,gasolider,metepec,53e8sw,ene-25,junio 2018-junio 2101,Omar,Gerente ASEA,Victor Villegas Martinez,representante tecnico
83,15285-b,gasolider,metepec,53e8sw,feb-25,junio 2018-junio 2102,Omar,Gerente ASEA,Victor Villegas Martinez,representante tecnico
84,15285-b,gasolider,metepec,53e8sw,mar-25,junio 2018-junio 2103,Omar,Gerente ASEA,Victor Villegas Martinez,representante tecnico
85,15285-b,gasolider,metepec,53e8sw,abr-25,junio 2018-junio 2104,Omar,Gerente ASEA,Victor Villegas Martinez,representante tecnico
86,15285-b,gasolider,metepec,53e8sw,may-25,junio 2018-junio 2105,Omar,Gerente ASEA,Victor Villegas Martinez,representante tecnico
87,15285-b,gasolider,metepec,53e8sw,jun-25,junio 2018-junio 2106,Omar,Gerente ASEA,Victor Villegas Martinez,representante tecnico
88,15285-b,gasolider,metepec,53e8sw,jul-25,junio 2018-junio 2107,Omar,Gerente ASEA,Victor Villegas Martinez,representante tecnico
89,15285-b,gasolider,metepec,53e8sw,ago-25,junio 2018-junio 2108,Omar,Gerente ASEA,Victor Villegas Martinez,representante tecnico
90,15285-b,gasolider,metepec,53e8sw,sep-25,junio 2018-junio 2109,Omar,Gerente ASEA,Victor Villegas Martinez,representante tecnico
91,15285-b,gasolider,metepec,53e8sw,oct-25,junio 2018-junio 2110,Omar,Gerente ASEA,Victor Villegas Martinez,representante tecnico
92,15285-b,gasolider,metepec,53e8sw,nov-25,junio 2018-junio 2111,Omar,Gerente ASEA,Victor Villegas Martinez,representante tecnico
93,15285-b,gasolider,metepec,53e8sw,dic-25,junio 2018-junio 2112,Omar,Gerente ASEA,Victor Villegas Martinez,representante tecnico
94,15285-b,gasolider,metepec,53e8sw,ene-26,junio 2018-junio 2113,Omar,Gerente ASEA,Victor Villegas Martinez,representante tecnico
95,15285-b,gasolider,metepec,53e8sw,feb-26,junio 2018-junio 2114,Omar,Gerente ASEA,Victor Villegas Martinez,representante tecnico
96,15285-b,gasolider,metepec,53e8sw,mar-26,junio 2018-junio 2115,Omar,Gerente ASEA,Victor Villegas Martinez,representante tecnico
97,15285-b,gasolider,metepec,53e8sw,abr-26,junio 2018-junio 2116,Omar,Gerente ASEA,Victor Villegas Martinez,representante tecnico
98,15285-b,gasolider,metepec,53e8sw,may-26,junio 2018-junio 2117,Omar,Gerente ASEA,Victor Villegas Martinez,representante tecnico
99,15285-b,gasolider,metepec,53e8sw,jun-26,junio 2018-junio 2118,Omar,Gerente ASEA,Victor Villegas Martinez,representante tecnico
100,15285-b,gasolider,metepec,53e8sw,jul-26,junio 2018-junio 2119,Omar,Gerente ASEA,Victor Villegas Martinez,representante tecnico
101,15285-b,gasolider,metepec,53e8sw,ago-26,junio 2018-junio 2120,Omar,Gerente ASEA,Victor Villegas Martinez,representante tecnico
102,15285-b,gasolider,metepec,53e8sw,sep-26,junio 2018-junio 2121,Omar,Gerente ASEA,Victor Villegas Martinez,representante tecnico
103,15285-b,gasolider,metepec,53e8sw,oct-26,junio 2018-junio 2122,Omar,Gerente ASEA,Victor Villegas Martinez,representante tecnico
104,15285-b,gasolider,metepec,53e8sw,nov-26,junio 2018-junio 2123,Omar,Gerente ASEA,Victor Villegas Martinez,representante tecnico
105,15285-b,gasolider,metepec,53e8sw,dic-26,junio 2018-junio 2124,Omar,Gerente ASEA,Victor Villegas Martinez,representante tecnico
106,15285-b,gasolider,metepec,53e8sw,ene-27,junio 2018-junio 2125,Omar,Gerente ASEA,Victor Villegas Martinez,representante tecnico
107,15285-b,gasolider,metepec,53e8sw,feb-27,junio 2018-junio 2126,Omar,Gerente ASEA,Victor Villegas Martinez,representante tecnico
108,15285-b,gasolider,metepec,53e8sw,mar-27,junio 2018-junio 2127,Omar,Gerente ASEA,Victor Villegas Martinez,representante tecnico
109,15285-b,gasolider,metepec,53e8sw,abr-27,junio 2018-junio 2128,Omar,Gerente ASEA,Victor Villegas Martinez,representante tecnico
110,15285-b,gasolider,metepec,53e8sw,may-27,junio 2018-junio 2129,Omar,Gerente ASEA,Victor Villegas Martinez,representante tecnico
111,15285-b,gasolider,metepec,53e8sw,jun-27,junio 2018-junio 2130,Omar,Gerente ASEA,Victor Villegas Martinez,representante tecnico
112,15285-b,gasolider,metepec,53e8sw,jul-27,junio 2018-junio 2131,Omar,Gerente ASEA,Victor Villegas Martinez,representante tecnico
113,15285-b,gasolider,metepec,53e8sw,ago-27,junio 2018-junio 2132,Omar,Gerente ASEA,Victor Villegas Martinez,representante tecnico
114,15285-b,gasolider,metepec,53e8sw,sep-27,junio 2018-junio 2133,Omar,Gerente ASEA,Victor Villegas Martinez,representante tecnico
115,15285-b,gasolider,metepec,53e8sw,oct-27,junio 2018-junio 2134,Omar,Gerente ASEA,Victor Villegas Martinez,representante tecnico
116,15285-b,gasolider,metepec,53e8sw,nov-27,junio 2018-junio 2135,Omar,Gerente ASEA,Victor Villegas Martinez,representante tecnico
117,15285-b,gasolider,metepec,53e8sw,dic-27,junio 2018-junio 2136,Omar,Gerente ASEA,Victor Villegas Martinez,representante tecnico
118,15285-b,gasolider,metepec,53e8sw,ene-28,junio 2018-junio 2137,Omar,Gerente ASEA,Victor Villegas Martinez,representante tecnico
119,15285-b,gasolider,metepec,53e8sw,feb-28,junio 2018-junio 2138,Omar,Gerente ASEA,Victor Villegas Martinez,representante tecnico
120,15285-b,gasolider,metepec,53e8sw,mar-28,junio 2018-junio 2139,Omar,Gerente ASEA,Victor Villegas Martinez,representante tecnico
121,15285-b,gasolider,metepec,53e8sw,abr-28,junio 2018-junio 2140,Omar,Gerente ASEA,Victor Villegas Martinez,representante tecnico
122,15285-b,gasolider,metepec,53e8sw,may-28,junio 2018-junio 2141,Omar,Gerente ASEA,Victor Villegas Martinez,representante tecnico
123,15285-b,gasolider,metepec,53e8sw,jun-28,junio 2018-junio 2142,Omar,Gerente ASEA,Victor Villegas Martinez,representante tecnico
124,15285-b,gasolider,metepec,53e8sw,jul-28,junio 2018-junio 2143,Omar,Gerente ASEA,Victor Villegas Martinez,representante tecnico
125,15285-b,gasolider,metepec,53e8sw,ago-28,junio 2018-junio 2144,Omar,Gerente ASEA,Victor Villegas Martinez,representante tecnico
126,15285-b,gasolider,metepec,53e8sw,sep-28,junio 2018-junio 2145,Omar,Gerente ASEA,Victor Villegas Martinez,representante tecnico
127,15285-b,gasolider,metepec,53e8sw,oct-28,junio 2018-junio 2146,Omar,Gerente ASEA,Victor Villegas Martinez,representante tecnico
128,15285-b,gasolider,metepec,53e8sw,nov-28,junio 2018-junio 2147,Omar,Gerente ASEA,Victor Villegas Martinez,representante tecnico
129,15285-b,gasolider,metepec,53e8sw,dic-28,junio 2018-junio 2148,Omar,Gerente ASEA,Victor Villegas Martinez,representante tecnico
130,15285-b,gasolider,metepec,53e8sw,ene-29,junio 2018-junio 2149,Omar,Gerente ASEA,Victor Villegas Martinez,representante tecnico
131,15285-b,gasolider,metepec,53e8sw,feb-29,junio 2018-junio 2150,Omar,Gerente ASEA,Victor Villegas Martinez,representante tecnico
132,15285-b,gasolider,metepec,53e8sw,mar-29,junio 2018-junio 2151,Omar,Gerente ASEA,Victor Villegas Martinez,representante tecnico
133,15285-b,gasolider,metepec,53e8sw,abr-29,junio 2018-junio 2152,Omar,Gerente ASEA,Victor Villegas Martinez,representante tecnico
134,15285-b,gasolider,metepec,53e8sw,may-29,junio 2018-junio 2153,Omar,Gerente ASEA,Victor Villegas Martinez,representante tecnico
135,15285-b,gasolider,metepec,53e8sw,jun-29,junio 2018-junio 2154,Omar,Gerente ASEA,Victor Villegas Martinez,representante tecnico
136,15285-b,gasolider,metepec,53e8sw,jul-29,junio 2018-junio 2155,Omar,Gerente ASEA,Victor Villegas Martinez,representante tecnico
137,15285-b,gasolider,metepec,53e8sw,ago-29,junio 2018-junio 2156,Omar,Gerente ASEA,Victor Villegas Martinez,representante tecnico
138,15285-b,gasolider,metepec,53e8sw,sep-29,junio 2018-junio 2157,Omar,Gerente ASEA,Victor Villegas Martinez,representante tecnico
139,15285-b,gasolider,metepec,53e8sw,oct-29,junio 2018-junio 2158,Omar,Gerente ASEA,Victor Villegas Martinez,representante tecnico
140,15285-b,gasolider,metepec,53e8sw,nov-29,junio 2018-junio 2159,Omar,Gerente ASEA,Victor Villegas Martinez,representante tecnico
141,15285-b,gasolider,metepec,53e8sw,dic-29,junio 2018-junio 2160,Omar,Gerente ASEA,Victor Villegas Martinez,representante tecnico
142,15285-b,gasolider,metepec,53e8sw,ene-30,junio 2018-junio 2161,Omar,Gerente ASEA,Victor Villegas Martinez,representante tecnico
143,15285-b,gasolider,metepec,53e8sw,feb-30,junio 2018-junio 2162,Omar,Gerente ASEA,Victor Villegas Martinez,representante tecnico
144,15285-b,gasolider,metepec,53e8sw,mar-30,junio 2018-junio 2163,Omar,Gerente ASEA,Victor Villegas Martinez,representante tecnico
145,15285-b,gasolider,metepec,53e8sw,abr-30,junio 2018-junio 2164,Omar,Gerente ASEA,Victor Villegas Martinez,representante tecnico
146,15285-b,gasolider,metepec,53e8sw,may-30,junio 2018-junio 2165,Omar,Gerente ASEA,Victor Villegas Martinez,representante tecnico
147,15285-b,gasolider,metepec,53e8sw,jun-30,junio 2018-junio 2166,Omar,Gerente ASEA,Victor Villegas Martinez,representante tecnico
148,15285-b,gasolider,metepec,53e8sw,jul-30,junio 2018-junio 2167,Omar,Gerente ASEA,Victor Villegas Martinez,representante tecnico
149,15285-b,gasolider,metepec,53e8sw,ago-30,junio 2018-junio 2168,Omar,Gerente ASEA,Victor Villegas Martinez,representante tecnico
150,15285-b,gasolider,metepec,53e8sw,sep-30,junio 2018-junio 2169,Omar,Gerente ASEA,Victor Villegas Martinez,representante tecnico
151,15285-b,gasolider,metepec,53e8sw,oct-30,junio 2018-junio 2170,Omar,Gerente ASEA,Victor Villegas Martinez,representante tecnico
152,15285-b,gasolider,metepec,53e8sw,nov-30,junio 2018-junio 2171,Omar,Gerente ASEA,Victor Villegas Martinez,representante tecnico
153,15285-b,gasolider,metepec,53e8sw,dic-30,junio 2018-junio 2172,Omar,Gerente ASEA,Victor Villegas Martinez,representante tecnico
154,15285-b,gasolider,metepec,53e8sw,ene-31,junio 2018-junio 2173,Omar,Gerente ASEA,Victor Villegas Martinez,representante tecnico
155,15285-b,gasolider,metepec,53e8sw,feb-31,junio 2018-junio 2174,Omar,Gerente ASEA,Victor Villegas Martinez,representante tecnico
156,15285-b,gasolider,metepec,53e8sw,mar-31,junio 2018-junio 2175,Omar,Gerente ASEA,Victor Villegas Martinez,representante tecnico
157,15285-b,gasolider,metepec,53e8sw,abr-31,junio 2018-junio 2176,Omar,Gerente ASEA,Victor Villegas Martinez,representante tecnico
158,15285-b,gasolider,metepec,53e8sw,may-31,junio 2018-junio 2177,Omar,Gerente ASEA,Victor Villegas Martinez,representante tecnico
159,15285-b,gasolider,metepec,53e8sw,jun-31,junio 2018-junio 2178,Omar,Gerente ASEA,Victor Villegas Martinez,representante tecnico
160,15285-b,gasolider,metepec,53e8sw,jul-31,junio 2018-junio 2179,Omar,Gerente ASEA,Victor Villegas Martinez,representante tecnico
161,15285-b,gasolider,metepec,53e8sw,ago-31,junio 2018-junio 2180,Omar,Gerente ASEA,Victor Villegas Martinez,representante tecnico
162,15285-b,gasolider,metepec,53e8sw,sep-31,junio 2018-junio 2181,Omar,Gerente ASEA,Victor Villegas Martinez,representante tecnico
163,15285-b,gasolider,metepec,53e8sw,oct-31,junio 2018-junio 2182,Omar,Gerente ASEA,Victor Villegas Martinez,representante tecnico
164,15285-b,gasolider,metepec,53e8sw,nov-31,junio 2018-junio 2183,Omar,Gerente ASEA,Victor Villegas Martinez,representante tecnico
165,15285-b,gasolider,metepec,53e8sw,dic-31,junio 2018-junio 2184,Omar,Gerente ASEA,Victor Villegas Martinez,representante tecnico
166,15285-b,gasolider,metepec,53e8sw,ene-32,junio 2018-junio 2185,Omar,Gerente ASEA,Victor Villegas Martinez,representante tecnico
167,15285-b,gasolider,metepec,53e8sw,feb-32,junio 2018-junio 2186,Omar,Gerente ASEA,Victor Villegas Martinez,representante tecnico
168,15285-b,gasolider,metepec,53e8sw,mar-32,junio 2018-junio 2187,Omar,Gerente ASEA,Victor Villegas Martinez,representante tecnico
169,15285-b,gasolider,metepec,53e8sw,abr-32,junio 2018-junio 2188,Omar,Gerente ASEA,Victor Villegas Martinez,representante tecnico
170,15285-b,gasolider,metepec,53e8sw,may-32,junio 2018-junio 2189,Omar,Gerente ASEA,Victor Villegas Martinez,representante tecnico
171,15285-b,gasolider,metepec,53e8sw,jun-32,junio 2018-junio 2190,Omar,Gerente ASEA,Victor Villegas Martinez,representante tecnico
172,15285-b,gasolider,metepec,53e8sw,jul-32,junio 2018-junio 2191,Omar,Gerente ASEA,Victor Villegas Martinez,representante tecnico
173,15285-b,gasolider,metepec,53e8sw,ago-32,junio 2018-junio 2192,Omar,Gerente ASEA,Victor Villegas Martinez,representante tecnico
174,15285-b,gasolider,metepec,53e8sw,sep-32,junio 2018-junio 2193,Omar,Gerente ASEA,Victor Villegas Martinez,representante tecnico
175,15285-b,gasolider,metepec,53e8sw,oct-32,junio 2018-junio 2194,Omar,Gerente ASEA,Victor Villegas Martinez,representante tecnico
176,15285-b,gasolider,metepec,53e8sw,nov-32,junio 2018-junio 2195,Omar,Gerente ASEA,Victor Villegas Martinez,representante tecnico
177,15285-b,gasolider,metepec,53e8sw,dic-32,junio 2018-junio 2196,Omar,Gerente ASEA,Victor Villegas Martinez,representante tecnico
178,15285-b,gasolider,metepec,53e8sw,ene-33,junio 2018-junio 2197,Omar,Gerente ASEA,Victor Villegas Martinez,representante tecnico
